first_name,last_name,email,gender,age
Paul,Casey,paul.casey.1@gslingacademy.com,male,20
Danielle,Sandoval,danielle.sandoval.2@gslingacademy.com,female,20
Tina,Andrews,tina.andrews.3@gslingacademy.com,female,21
Tara,Clark,tara.clark.4@gslingacademy.com,female,22
Anthony,Campos,anthony.campos.5@gslingacademy.com,male,21
Kelly,Wade,kelly.wade.6@gslingacademy.com,female,21
Anthony,Smith,anthony.smith.7@gslingacademy.com,male,18
George,Short,george.short.8@gslingacademy.com,male,21
Stanley,Gutierrez,stanley.gutierrez.9@gslingacademy.com,male,19
Audrey,Simpson,audrey.simpson.10@gslingacademy.com,female,22
Gabrielle,White,gabrielle.white.11@gslingacademy.com,female,18
Clinton,Randolph,clinton.randolph.12@gslingacademy.com,male,19
Patricia,Gomez,patricia.gomez.13@gslingacademy.com,female,18
Pamela,Jackson,pamela.jackson.14@gslingacademy.com,female,19
Laura,Jackson,laura.jackson.15@gslingacademy.com,female,19
Roger,Wiley,roger.wiley.16@gslingacademy.com,male,19
Vicki,Thompson,vicki.thompson.17@gslingacademy.com,female,18
Maxwell,Davidson,maxwell.davidson.18@gslingacademy.com,male,22
Jonathan,Werner,jonathan.werner.19@gslingacademy.com,male,19
Angela,Rios,angela.rios.20@gslingacademy.com,female,21
Tim,Nichols,tim.nichols.21@gslingacademy.com,male,19
Kyle,Willis,kyle.willis.22@gslingacademy.com,male,22
Shannon,Simpson,shannon.simpson.23@gslingacademy.com,female,18
Sean,Griffin,sean.griffin.24@gslingacademy.com,male,18
Cassandra,West,cassandra.west.25@gslingacademy.com,female,20
Patricia,Chavez,patricia.chavez.26@gslingacademy.com,female,20
Jason,Williams,jason.williams.27@gslingacademy.com,male,20
Peter,Gibbs,peter.gibbs.28@gslingacademy.com,male,18
Jeffrey,Blanchard,jeffrey.blanchard.29@gslingacademy.com,male,18
Carol,Hill,carol.hill.30@gslingacademy.com,female,22
Angie,Miller,angie.miller.31@gslingacademy.com,female,20
Cynthia,Knapp,cynthia.knapp.32@gslingacademy.com,female,19
Timothy,Bryant,timothy.bryant.33@gslingacademy.com,male,22
Phyllis,Diaz,phyllis.diaz.34@gslingacademy.com,female,18
Lisa,Burns,lisa.burns.35@gslingacademy.com,female,19
Kelly,Farley,kelly.farley.36@gslingacademy.com,female,22
Ryan,Lee,ryan.lee.37@gslingacademy.com,male,19
Michael,Gilmore,michael.gilmore.38@gslingacademy.com,male,22
Miguel,Martinez,miguel.martinez.39@gslingacademy.com,male,18
Christopher,Taylor,christopher.taylor.40@gslingacademy.com,male,22
Emily,Holloway,emily.holloway.41@gslingacademy.com,female,18
Jesus,Rasmussen,jesus.rasmussen.42@gslingacademy.com,male,19
Lauren,Farmer,lauren.farmer.43@gslingacademy.com,female,18
Pamela,Cole,pamela.cole.44@gslingacademy.com,female,18
David,Gillespie,david.gillespie.45@gslingacademy.com,male,19
Kenneth,Davis,kenneth.davis.46@gslingacademy.com,male,18
Elizabeth,Martin,elizabeth.martin.47@gslingacademy.com,female,22
Billy,Soto,billy.soto.48@gslingacademy.com,male,19
Kimberly,Kelly,kimberly.kelly.49@gslingacademy.com,female,20
Sonia,Noble,sonia.noble.50@gslingacademy.com,female,22
Christopher,Stewart,christopher.stewart.51@gslingacademy.com,male,21
Sandra,Thornton,sandra.thornton.52@gslingacademy.com,female,21
Luke,Shannon,luke.shannon.53@gslingacademy.com,male,18
Lindsay,Pruitt,lindsay.pruitt.54@gslingacademy.com,female,18
Jamie,Taylor,jamie.taylor.55@gslingacademy.com,male,22
Jennifer,Murphy,jennifer.murphy.56@gslingacademy.com,female,18
Melissa,Lee,melissa.lee.57@gslingacademy.com,female,20
David,Vaughn,david.vaughn.58@gslingacademy.com,male,18
Jacob,Hanson,jacob.hanson.59@gslingacademy.com,male,21
Casey,May,casey.may.60@gslingacademy.com,male,19
Michelle,Roman,michelle.roman.61@gslingacademy.com,female,22
Brittany,Koch,brittany.koch.62@gslingacademy.com,female,21
Brian,Lewis,brian.lewis.63@gslingacademy.com,male,22
Veronica,Cameron,veronica.cameron.64@gslingacademy.com,female,19
Eric,Reyes,eric.reyes.65@gslingacademy.com,male,18
Kristy,Weber,kristy.weber.66@gslingacademy.com,female,20
Anthony,Smith,anthony.smith.67@gslingacademy.com,male,21
Steven,Stephens,steven.stephens.68@gslingacademy.com,male,19
Henry,Davis,henry.davis.69@gslingacademy.com,male,19
Raymond,Shea,raymond.shea.70@gslingacademy.com,male,19
Jill,Perez,jill.perez.71@gslingacademy.com,female,20
Kimberly,Bonilla,kimberly.bonilla.72@gslingacademy.com,female,19
Louis,Edwards,louis.edwards.73@gslingacademy.com,male,20
Michael,Hodge,michael.hodge.74@gslingacademy.com,male,22
Anna,Li,anna.li.75@gslingacademy.com,female,19
Andrea,Case,andrea.case.76@gslingacademy.com,female,20
Jennifer,Garcia,jennifer.garcia.77@gslingacademy.com,female,18
Rhonda,Davenport,rhonda.davenport.78@gslingacademy.com,female,22
Chelsea,Craig,chelsea.craig.79@gslingacademy.com,female,18
Shawn,Chase,shawn.chase.80@gslingacademy.com,male,20
Elizabeth,Calhoun,elizabeth.calhoun.81@gslingacademy.com,female,18
Lisa,Harris,lisa.harris.82@gslingacademy.com,female,21
Carol,Snyder,carol.snyder.83@gslingacademy.com,female,18
Charles,Butler,charles.butler.84@gslingacademy.com,male,19
James,Dawson,james.dawson.85@gslingacademy.com,male,18
Dennis,Kim,dennis.kim.86@gslingacademy.com,male,21
Jennifer,Berry,jennifer.berry.87@gslingacademy.com,female,18
Yvette,Bridges,yvette.bridges.88@gslingacademy.com,female,18
Robert,Atkins,robert.atkins.89@gslingacademy.com,male,18
William,Brown,william.brown.90@gslingacademy.com,male,19
Patrick,Parker,patrick.parker.91@gslingacademy.com,male,22
James,Santiago,james.santiago.92@gslingacademy.com,male,21
Robert,Parsons,robert.parsons.93@gslingacademy.com,male,19
Jacob,Brown,jacob.brown.94@gslingacademy.com,male,18
Natalie,Robinson,natalie.robinson.95@gslingacademy.com,female,20
Victoria,Jones,victoria.jones.96@gslingacademy.com,female,21
Natasha,Hansen,natasha.hansen.97@gslingacademy.com,female,19
Thomas,White,thomas.white.98@gslingacademy.com,male,22
Derrick,Figueroa,derrick.figueroa.99@gslingacademy.com,male,18
Kimberly,Ward,kimberly.ward.100@gslingacademy.com,female,21
Rhonda,Jones,rhonda.jones.101@gslingacademy.com,female,21
Abigail,Perez,abigail.perez.102@gslingacademy.com,female,21
James,Yang,james.yang.103@gslingacademy.com,male,21
Stephen,Patton,stephen.patton.104@gslingacademy.com,male,20
Emma,Wright,emma.wright.105@gslingacademy.com,female,20
Cynthia,Brown,cynthia.brown.106@gslingacademy.com,female,19
Erin,Kelley,erin.kelley.107@gslingacademy.com,female,20
Benjamin,Morse,benjamin.morse.108@gslingacademy.com,male,19
Alexandra,Gibson,alexandra.gibson.109@gslingacademy.com,female,18
Phillip,Allen,phillip.allen.110@gslingacademy.com,male,20
Joshua,Gonzalez,joshua.gonzalez.111@gslingacademy.com,male,21
Erin,Jones,erin.jones.112@gslingacademy.com,female,22
Charles,Hayes,charles.hayes.113@gslingacademy.com,male,22
Kelsey,Brown,kelsey.brown.114@gslingacademy.com,female,20
Robert,Turner,robert.turner.115@gslingacademy.com,male,22
Robert,Hill,robert.hill.116@gslingacademy.com,male,20
Alyssa,Ritter,alyssa.ritter.117@gslingacademy.com,female,22
Beth,Bell,beth.bell.118@gslingacademy.com,female,20
Andrew,Dixon,andrew.dixon.119@gslingacademy.com,male,20
Crystal,Walker,crystal.walker.120@gslingacademy.com,female,21
Jordan,Bennett,jordan.bennett.121@gslingacademy.com,female,20
Antonio,Caldwell,antonio.caldwell.122@gslingacademy.com,male,21
Jacob,Reyes,jacob.reyes.123@gslingacademy.com,male,22
Wendy,Lewis,wendy.lewis.124@gslingacademy.com,female,20
Jennifer,Miller,jennifer.miller.125@gslingacademy.com,female,22
Lisa,Ware,lisa.ware.126@gslingacademy.com,female,20
Brian,Lee,brian.lee.127@gslingacademy.com,male,18
Mario,Taylor,mario.taylor.128@gslingacademy.com,male,19
Amanda,Williamson,amanda.williamson.129@gslingacademy.com,female,19
Michael,Miller,michael.miller.130@gslingacademy.com,male,18
Amanda,Vasquez,amanda.vasquez.131@gslingacademy.com,female,19
Chelsea,Obrien,chelsea.obrien.132@gslingacademy.com,female,18
Tina,Perkins,tina.perkins.133@gslingacademy.com,female,22
Cory,Perez,cory.perez.134@gslingacademy.com,male,19
Christopher,Jenkins,christopher.jenkins.135@gslingacademy.com,male,18
Joanne,Campos,joanne.campos.136@gslingacademy.com,female,22
David,Patel,david.patel.137@gslingacademy.com,male,21
Michelle,Hill,michelle.hill.138@gslingacademy.com,female,18
Jessica,Boyd,jessica.boyd.139@gslingacademy.com,female,22
Lawrence,Russell,lawrence.russell.140@gslingacademy.com,male,21
James,Singh,james.singh.141@gslingacademy.com,male,19
Marc,Villanueva,marc.villanueva.142@gslingacademy.com,male,21
Cathy,Wilson,cathy.wilson.143@gslingacademy.com,female,21
Adam,Mitchell,adam.mitchell.144@gslingacademy.com,male,22
Sherry,Phillips,sherry.phillips.145@gslingacademy.com,female,20
Victor,Jones,victor.jones.146@gslingacademy.com,male,19
Mark,Young,mark.young.147@gslingacademy.com,male,20
Matthew,Jackson,matthew.jackson.148@gslingacademy.com,male,22
Tanya,Nichols,tanya.nichols.149@gslingacademy.com,female,18
Julie,Gray,julie.gray.150@gslingacademy.com,female,18
Courtney,Perry,courtney.perry.151@gslingacademy.com,female,19
Stephen,Rodriguez,stephen.rodriguez.152@gslingacademy.com,male,20
Elizabeth,Robinson,elizabeth.robinson.153@gslingacademy.com,female,21
William,Graves,william.graves.154@gslingacademy.com,male,19
Nancy,Moore,nancy.moore.155@gslingacademy.com,female,22
Matthew,Newman,matthew.newman.156@gslingacademy.com,male,18
Anita,Moore,anita.moore.157@gslingacademy.com,female,19
Brian,Sanchez,brian.sanchez.158@gslingacademy.com,male,22
Dennis,Phillips,dennis.phillips.159@gslingacademy.com,male,20
Michael,Rivas,michael.rivas.160@gslingacademy.com,male,20
Ryan,Smith,ryan.smith.161@gslingacademy.com,male,19
Anthony,Sullivan,anthony.sullivan.162@gslingacademy.com,male,18
Troy,Shepherd,troy.shepherd.163@gslingacademy.com,male,22
Nicholas,Clayton,nicholas.clayton.164@gslingacademy.com,male,21
Denise,Schneider,denise.schneider.165@gslingacademy.com,female,20
Lisa,Silva,lisa.silva.166@gslingacademy.com,female,21
Laura,Reilly,laura.reilly.167@gslingacademy.com,female,19
Amy,Peterson,amy.peterson.168@gslingacademy.com,female,20
Fernando,Sexton,fernando.sexton.169@gslingacademy.com,male,22
Evan,Christian,evan.christian.170@gslingacademy.com,male,22
Rebecca,Norris,rebecca.norris.171@gslingacademy.com,female,20
Erica,Marks,erica.marks.172@gslingacademy.com,female,20
Rhonda,Webster,rhonda.webster.173@gslingacademy.com,female,18
John,Bennett,john.bennett.174@gslingacademy.com,male,19
Amanda,Murphy,amanda.murphy.175@gslingacademy.com,female,20
Jeremy,Barnes,jeremy.barnes.176@gslingacademy.com,male,20
John,Brown,john.brown.177@gslingacademy.com,male,21
Traci,Boyd,traci.boyd.178@gslingacademy.com,female,20
Elizabeth,Butler,elizabeth.butler.179@gslingacademy.com,female,22
Alex,Clark,alex.clark.180@gslingacademy.com,male,19
Christopher,Wolfe,christopher.wolfe.181@gslingacademy.com,male,19
Jason,Bell,jason.bell.182@gslingacademy.com,male,20
Victoria,Donaldson,victoria.donaldson.183@gslingacademy.com,female,21
Logan,Cox,logan.cox.184@gslingacademy.com,male,19
Rachel,Hill,rachel.hill.185@gslingacademy.com,female,22
Jenny,Lloyd,jenny.lloyd.186@gslingacademy.com,female,18
Joan,Cohen,joan.cohen.187@gslingacademy.com,female,19
Kimberly,Lopez,kimberly.lopez.188@gslingacademy.com,female,18
Steven,Walker,steven.walker.189@gslingacademy.com,male,18
Sonia,Bowers,sonia.bowers.190@gslingacademy.com,female,19
Penny,Perez,penny.perez.191@gslingacademy.com,female,19
Mike,Harris,mike.harris.192@gslingacademy.com,male,18
Vanessa,Sweeney,vanessa.sweeney.193@gslingacademy.com,female,21
Adam,Edwards,adam.edwards.194@gslingacademy.com,male,21
Angelica,Johnson,angelica.johnson.195@gslingacademy.com,female,19
Tiffany,Hernandez,tiffany.hernandez.196@gslingacademy.com,female,19
Mark,Myers,mark.myers.197@gslingacademy.com,male,22
Erica,Cochran,erica.cochran.198@gslingacademy.com,female,22
Karen,Watson,karen.watson.199@gslingacademy.com,female,22
Kathryn,Frazier,kathryn.frazier.200@gslingacademy.com,female,20
